group,kp,kv,armature,settled,final,ss_err,overshoot_pct,rise_10_90,settle_2pct,tau_peak,wn_theory,kv_crit_theory
kp,20,0.0,0.0,False,0.3607269667482959,0.1392730332517041,98.40085533816361,0.11800000000000001,nan,10.0,9.128709291752768,4.381780460041329
kp,50,0.0,0.0,False,0.484986766542787,0.015013233457213004,72.5468037103311,0.08700000000000001,nan,25.0,14.433756729740644,6.928203230275509
kp,200,0.0,0.0,False,0.4397041602048691,0.06029583979513092,99.1382736948465,0.066,nan,25.0,28.867513459481287,13.856406460551018
kv,200,0,0.0,False,0.4397041602048691,0.06029583979513092,99.1382736948465,0.066,nan,25.0,28.867513459481287,13.856406460551018
kv,200,5,0.0,True,0.48626796604961564,0.01373203395038436,24.037686280114105,0.069,0.41600000000000004,25.0,28.867513459481287,13.856406460551018
kv,200,14,0.0,True,0.4862687056173579,0.01373129438264209,4.428083819826764e-07,0.121,0.212,25.0,28.867513459481287,13.856406460551018
armature,200,5.0,0.0,True,0.48626796604961564,0.01373203395038436,24.037686280114105,0.069,0.41600000000000004,25.0,28.867513459481287,13.856406460551018
armature,200,5.0,0.01,True,0.48626707307165057,0.013732926928349432,24.755695348453376,0.07,0.427,25.0,28.284271247461902,14.142135623730951
armature,200,5.0,0.1,True,0.4862867213377364,0.013713278662263573,30.590048633739798,0.079,0.513,25.0,24.253562503633297,16.492422502470642
